Park Unit,Total Recreation Visits,Total Visitor Spending,Jobs,Labor Income,Value Added,Economic Output,Year
Abraham Lincoln Birthplace NHP,"148,605","$8,509.30 ",143,"$4,040.20 ","$6,476.50 ","$11,437.40 ",2015
Acadia NP,"2,811,184","$247,910.80 ","3,878","$102,112.70 ","$172,526.10 ","$304,623.50 ",2015
Adams NHP,"183,632","$10,515.00 ",155,"$5,900.10 ","$9,286.10 ","$14,858.00 ",2015
African Burial Ground NM,"56,348","$3,226.60 ",42,"$1,902.90 ","$2,952.60 ","$4,450.90 ",2015
Agate Fossil Beds NM*,"13,264",$952.60 ,13,$296.50 ,$533.20 ,$997.70 ,2015
Alibates Flint Quarries NM,"9,493",$543.60 ,8,$216.70 ,$378.30 ,$678.30 ,2015
Allegheny Portage Railroad NHS,"168,432","$9,644.60 ",160,"$4,773.70 ","$7,500.20 ","$13,063.10 ",2015
Amistad NRA,"1,250,051","$53,290.70 ",751,"$16,355.80 ","$29,555.80 ","$53,544.60 ",2015
Andersonville NHS,"136,686","$7,826.90 ",133,"$3,010.50 ","$5,126.60 ","$9,565.20 ",2015
Andrew Johnson NHS,"45,356","$2,597.10 ",44,"$1,163.70 ","$1,942.10 ","$3,375.60 ",2015
Aniakchak NM&PRES,106,$99.00 ,0,$39.40 ,$93.10 ,$139.00 ,2015
Antietam NB,"347,181","$21,895.30 ",298,"$11,642.50 ","$18,533.60 ","$29,466.00 ",2015
Apostle Islands NL*,"232,662","$36,319.30 ",571,"$13,840.60 ","$24,263.30 ","$44,149.50 ",2015
Appomattox Court House NHP,"412,639","$23,628.20 ",392,"$10,211.90 ","$17,086.60 ","$30,239.00 ",2015
Arches NP*,"1,399,247","$162,718.20 ","2,711","$67,949.50 ","$122,729.00 ","$216,319.60 ",2015
Arkansas Post NMEM,"38,702","$2,216.20 ",33,$972.80 ,"$1,529.20 ","$2,666.90 ",2015
"Arlington House, The Robert E. LeeMemorial NMEM","532,051","$30,465.90 ",431,"$16,636.20 ","$26,111.50 ","$41,451.10 ",2015
Assateague Island NS,"2,275,606","$96,705.60 ","1,320","$38,204.80 ","$67,193.20 ","$109,970.50 ",2015
Aztec Ruins NM,"53,164","$3,044.20 ",48,"$1,127.90 ","$1,959.30 ","$3,490.30 ",2015
Badlands NP,"989,354","$62,209.20 ","1,015","$24,363.70 ","$40,138.30 ","$77,537.90 ",2015
Bandelier NM,"174,073","$10,735.40 ",168,"$4,651.40 ","$7,517.20 ","$13,540.30 ",2015
Bent's Old Fort NHS,"26,219","$1,501.40 ",22,$594.40 ,"$1,060.40 ","$1,844.10 ",2015
Bering Land Bridge NPRES,"2,642","$4,075.90 ",53,"$1,936.90 ","$3,556.60 ","$5,802.90 ",2015
Big Bend NP,"381,747","$33,426.30 ",503,"$11,340.10 ","$20,658.10 ","$37,168.80 ",2015
Big Cypress NPRES,"1,112,290","$87,185.70 ","1,255","$48,387.50 ","$76,864.00 ","$124,524.40 ",2015
Big Hole NB*,"39,547","$2,532.10 ",39,$928.90 ,"$1,412.60 ","$2,663.30 ",2015
Big South Fork NRRA*,"643,134","$19,160.60 ",263,"$6,906.50 ","$11,735.00 ","$20,490.10 ",2015
Big Thicket NPRES,"125,832","$7,893.00 ",112,"$3,768.20 ","$6,085.80 ","$10,139.90 ",2015
Bighorn Canyon NRA,"245,173","$10,393.30 ",162,"$4,197.20 ","$6,697.00 ","$12,424.00 ",2015
Biscayne NP,"508,164","$31,927.30 ",450,"$17,612.10 ","$27,499.20 ","$44,346.60 ",2015
Black Canyon Of The Gunnison NP,"209,165","$12,723.90 ",173,"$5,910.70 ","$9,646.10 ","$15,694.20 ",2015
Blue Ridge PKWY,"15,054,603","$952,094.40 ","15,337","$450,434.00 ","$747,448.00 ","$1,300,311.50 ",2015
Bluestone NSR,"36,733","$1,546.60 ",23,$617.60 ,$993.70 ,"$1,754.30 ",2015
Booker T Washington NM,"27,205","$1,557.70 ",27,$690.10 ,"$1,126.10 ","$2,015.80 ",2015
Boston NHP,"2,262,840","$129,573.00 ","1,917","$72,823.20 ","$114,669.80 ","$183,121.10 ",2015
Boston African American NHS,"412,377","$23,613.20 ",350,"$13,266.00 ","$20,894.80 ","$33,375.30 ",2015
Brown V Board Of Education NHS,"25,338","$1,450.90 ",24,$759.50 ,"$1,208.10 ","$2,122.50 ",2015
Bryce Canyon NP,"1,745,804","$145,879.80 ","2,222","$57,396.80 ","$101,401.90 ","$177,146.20 ",2015
Buck Island Reef NM,"41,936","$2,564.00 ",31,"$1,166.20 ","$1,974.90 ","$3,055.70 ",2015
Buffalo NR,"1,463,304","$62,243.20 ",969,"$24,528.10 ","$40,151.70 ","$72,009.00 ",2015
Cabrillo NM,"981,825","$56,220.50 ",826,"$30,301.40 ","$46,473.00 ","$75,109.40 ",2015
Canaveral NS,"1,689,753","$106,514.60 ","1,590","$51,117.90 ","$85,476.00 ","$142,454.50 ",2015
Cane River Creole NHP,"30,883","$1,768.40 ",27,$710.90 ,"$1,216.60 ","$2,147.60 ",2015
Canyon De Chelly NM,"813,686","$51,597.20 ",755,"$18,473.00 ","$32,370.40 ","$58,246.80 ",2015
Canyonlands NP,"634,607","$37,958.80 ",579,"$14,404.70 ","$25,823.10 ","$45,671.40 ",2015
Cape Cod NS,"4,503,219","$192,422.40 ","2,495","$100,949.00 ","$154,856.80 ","$242,653.80 ",2015
Cape Hatteras NS,"2,274,634","$141,988.60 ","2,191","$60,047.00 ","$99,843.70 ","$176,261.50 ",2015
Cape Krusenstern NM,0,$0.00 ,0,$0.00 ,$0.00 ,$0.00 ,2015
Cape Lookout NS,"400,413","$17,698.10 ",274,"$6,285.50 ","$10,339.80 ","$19,271.80 ",2015
Capitol Reef NP*,"941,029","$66,601.60 ",944,"$24,704.50 ","$43,401.30 ","$76,025.90 ",2015
Capulin Volcano NM*,"55,505","$1,635.10 ",25,$507.30 ,$873.80 ,"$1,638.50 ",2015
Carl Sandburg Home NHS,"72,606","$4,157.60 ",68,"$1,807.60 ","$3,042.30 ","$5,284.10 ",2015
Carlsbad Caverns NP,"445,721","$28,116.10 ",419,"$10,206.40 ","$17,110.30 ","$31,490.50 ",2015
Casa Grande Ruins NM,"72,606","$4,157.60 ",64,"$2,217.60 ","$3,581.20 ","$5,902.10 ",2015
Castillo De San Marcos NM,"819,155","$46,905.90 ",764,"$21,827.90 ","$36,949.80 ","$63,386.10 ",2015
Castle Clinton NM,"4,597,029","$111,766.50 ","1,303","$55,849.20 ","$85,052.90 ","$129,613.50 ",2015
Catoctin Mountain P,"229,301","$13,761.20 ",189,"$7,263.50 ","$11,520.70 ","$18,389.80 ",2015
Cedar Breaks NM,"793,600","$50,037.00 ",738,"$18,522.80 ","$32,937.20 ","$57,933.10 ",2015
Cesar E. Chavez NM,"10,648",$609.70 ,8,$331.20 ,$511.90 ,$843.60 ,2015
Chaco Culture NHP,"38,914","$2,179.10 ",34,$879.40 ,"$1,460.00 ","$2,649.20 ",2015
Chamizal NMEM,"122,431","$7,010.60 ",114,"$2,714.40 ","$4,720.80 ","$8,713.30 ",2015
Channel Islands NP,"324,815","$19,286.20 ",275,"$10,812.00 ","$16,635.20 ","$27,222.90 ",2015
Charles Pinckney NHS,"46,995","$2,691.00 ",43,"$1,189.80 ","$2,021.80 ","$3,374.70 ",2015
Charles Young Buffalo Soldiers NM,"3,993",$228.60 ,3,$104.40 ,$165.70 ,$301.40 ,2015
Chattahoochee River NRA,"3,173,204","$133,605.00 ","2,074","$69,699.20 ","$108,208.90 ","$184,789.70 ",2015
Chesapeake & Ohio Canal NHP,"4,798,312","$88,998.00 ","1,329","$49,333.70 ","$78,548.10 ","$126,688.60 ",2015
Chickamauga & Chattanooga NMP,"1,002,373","$63,192.30 ",979,"$24,985.30 ","$43,516.70 ","$77,644.70 ",2015
Chickasaw NRA*,"1,254,105","$19,521.60 ",206,"$5,186.20 ","$8,308.70 ","$15,017.00 ",2015
Chiricahua NM,"56,960","$3,310.30 ",45,"$1,119.80 ","$1,942.10 ","$3,414.40 ",2015
Christiansted NHS,"116,817","$6,689.10 ",84,"$3,164.10 ","$5,240.60 ","$8,170.00 ",2015
City Of Rocks NRES,"105,289","$6,028.90 ",95,"$2,427.40 ","$3,905.50 ","$6,994.90 ",2015
Clara Barton NHS,"2,823",$161.70 ,2,$88.40 ,$138.80 ,$220.60 ,2015
Colonial NHP,"3,343,909","$191,476.40 ","3,173","$90,552.10 ","$148,928.70 ","$261,274.50 ",2015
Colorado NM,"588,006","$36,678.80 ",556,"$14,464.00 ","$26,103.70 ","$45,379.90 ",2015
Congaree NP*,"87,513","$4,370.20 ",61,"$1,683.70 ","$2,963.60 ","$5,081.20 ",2015
Coronado NMEM,"132,584","$7,591.90 ",117,"$3,052.30 ","$5,339.20 ","$9,140.40 ",2015
Cowpens NB,"206,741","$13,037.20 ",209,"$6,364.20 ","$10,269.80 ","$17,680.40 ",2015
Crater Lake NP,"614,712","$52,185.00 ",887,"$25,122.60 ","$39,571.10 ","$71,212.40 ",2015
Craters Of The Moon NM&PRES*,"246,825","$8,392.60 ",133,"$3,073.90 ","$5,014.80 ","$9,527.40 ",2015
Cumberland Gap NHP,"840,601","$52,723.00 ",802,"$21,977.10 ","$38,114.50 ","$66,160.10 ",2015
Cumberland Island NS,"59,860","$2,450.80 ",37,"$1,070.30 ","$1,746.50 ","$2,998.90 ",2015
Curecanti NRA,"944,742","$40,022.50 ",535,"$16,941.10 ","$27,934.10 ","$45,996.10 ",2015
Cuyahoga Valley NP,"2,284,612","$144,710.30 ","2,415","$71,441.70 ","$114,672.20 ","$203,002.90 ",2015
Dayton Aviation Heritage NHP*,"73,589","$4,269.30 ",79,"$2,418.40 ","$3,776.30 ","$6,671.30 ",2015
De Soto NMEM,"293,648","$16,814.70 ",266,"$8,626.00 ","$14,061.50 ","$23,509.00 ",2015
Death Valley NP,"1,154,843","$95,036.90 ","1,336","$47,073.20 ","$76,298.40 ","$124,098.20 ",2015
Delaware Water Gap NRA*,"3,735,134","$125,317.50 ","1,885","$76,221.70 ","$117,143.20 ","$184,231.00 ",2015
Denali NP&PRES,"560,757","$567,166.40 ","7,300","$269,162.20 ","$499,126.00 ","$810,349.00 ",2015
Devils Postpile NM,"140,314","$8,775.10 ",128,"$3,630.10 ","$6,121.00 ","$10,466.60 ",2015
Devils Tower NM,"478,833","$29,889.50 ",477,"$11,923.50 ","$19,821.60 ","$37,409.00 ",2015
Dinosaur NM,"291,800","$17,079.10 ",233,"$6,856.70 ","$11,320.70 ","$19,279.50 ",2015
Dry Tortugas NP,"70,862","$4,235.90 ",52,"$1,772.30 ","$2,893.30 ","$4,681.70 ",2015
Edgar Allan Poe NHS,"13,863",$793.90 ,10,$466.20 ,$724.10 ,"$1,174.60 ",2015
Effigy Mounds NM*,"81,901","$5,100.80 ",86,"$1,991.20 ","$3,377.50 ","$6,196.50 ",2015
Eisenhower NHS,"54,377","$3,113.70 ",46,"$1,689.20 ","$2,638.40 ","$4,217.60 ",2015
El Malpais NM,"174,432","$9,988.20 ",168,"$4,255.30 ","$6,997.20 ","$12,780.70 ",2015
El Morro NM,"49,389","$3,040.00 ",44,$865.20 ,"$1,627.20 ","$3,095.60 ",2015
Eleanor Roosevelt NHS,"64,791","$3,710.00 ",52,"$1,970.20 ","$3,188.80 ","$4,939.20 ",2015
Eugene O'Neill NHS,"3,943",$225.80 ,3,$130.70 ,$194.30 ,$311.80 ,2015
Everglades NP,"1,077,427","$103,392.60 ","1,521","$60,129.10 ","$95,467.10 ","$154,124.50 ",2015
Federal Hall NMEM,"172,038","$9,851.20 ",126,"$5,826.50 ","$9,016.70 ","$13,578.90 ",2015
Fire Island NS,"441,899","$18,692.30 ",218,"$10,119.90 ","$15,665.30 ","$23,499.70 ",2015
First Ladies NHS,"12,898",$738.50 ,11,$391.00 ,$608.20 ,"$1,060.80 ",2015
Flight 93 NMEM,"337,217","$19,309.40 ",322,"$9,627.30 ","$15,095.40 ","$26,270.10 ",2015
Florissant Fossil Beds NM,"69,131","$3,958.60 ",61,"$2,168.20 ","$3,481.40 ","$5,740.00 ",2015
Ford's Theatre NHS,"681,537","$12,656.60 ",182,"$7,148.90 ","$11,291.20 ","$17,892.40 ",2015
Fort Bowie NHS,"7,761",$444.40 ,8,$175.80 ,$307.40 ,$528.10 ,2015
Fort Caroline NMEM,"224,418","$12,850.50 ",208,"$6,206.50 ","$10,307.60 ","$17,659.50 ",2015
Fort Davis NHS,"55,955","$3,204.10 ",49,"$1,033.50 ","$1,855.70 ","$3,390.50 ",2015
Fort Donelson NB,"260,744","$16,448.70 ",243,"$7,669.90 ","$12,662.00 ","$21,213.40 ",2015
Fort Frederica NM,"202,191","$11,577.70 ",186,"$5,348.30 ","$8,793.00 ","$15,166.40 ",2015
Fort Laramie NHS,"51,616","$2,955.60 ",45,"$1,153.00 ","$1,981.50 ","$3,463.70 ",2015
Fort Larned NHS*,"32,170","$1,909.60 ",27,$627.80 ,"$1,122.40 ","$2,105.20 ",2015
Fort Matanzas NM,"622,176","$35,626.60 ",579,"$16,649.30 ","$28,182.60 ","$48,234.40 ",2015
Fort McHenry NM&SHRINE,"617,890","$35,381.20 ",506,"$19,160.80 ","$30,552.20 ","$48,430.80 ",2015
Fort Necessity NB,"280,704","$17,700.10 ",282,"$8,936.70 ","$14,188.60 ","$24,557.90 ",2015
Fort Point NHS,"1,610,467","$92,217.40 ","1,292","$53,322.70 ","$79,330.40 ","$127,321.20 ",2015
Fort Pulaski NM,"382,945","$24,153.50 ",351,"$10,282.70 ","$17,400.50 ","$29,383.20 ",2015
Fort Raleigh NHS,"289,885","$16,599.10 ",269,"$7,271.40 ","$11,872.10 ","$21,010.50 ",2015
Fort Scott NHS*,"25,530",$444.60 ,6,$142.10 ,$229.80 ,$431.60 ,2015
Fort Smith NHS,"111,469","$6,382.80 ",106,"$2,610.50 ","$4,339.80 ","$7,929.00 ",2015
Fort Stanwix NM*,"86,678","$4,671.00 ",63,"$1,795.10 ","$3,550.20 ","$5,712.20 ",2015
Fort Sumter NM,"840,712","$48,140.30 ",734,"$21,285.90 ","$36,205.30 ","$60,506.00 ",2015
Fort Union NM*,"11,726",$774.50 ,11,$328.40 ,$502.90 ,$871.70 ,2015
Fort Union Trading Post NHS*,"13,605","$1,063.00 ",12,$378.50 ,$560.60 ,$969.20 ,2015
Fort Vancouver NHS,"818,672","$46,878.20 ",792,"$25,282.50 ","$38,885.40 ","$67,549.50 ",2015
Fort Washington P,"337,432","$19,321.80 ",269,"$10,552.60 ","$16,518.30 ","$26,088.10 ",2015
Fossil Butte NM*,"19,293",$940.80 ,12,$358.50 ,$578.10 ,"$1,008.30 ",2015
Franklin Delano Roosevelt MEM,"3,290,080","$61,099.00 ",878,"$34,511.00 ","$54,507.50 ","$86,374.40 ",2015
Frederick Douglass NHS,"53,874","$1,000.50 ",13,$565.10 ,$892.20 ,"$1,412.00 ",2015
Frederick Law Olmsted NHS,"9,472",$542.40 ,8,$304.20 ,$479.40 ,$768.00 ,2015
Fredericksburg & Spotsylvania NMP,"891,917","$51,072.20 ",714,"$27,212.20 ","$42,498.30 ","$67,598.70 ",2015
Friendship Hill NHS,"34,687","$1,986.20 ",32,"$1,015.00 ","$1,592.90 ","$2,765.40 ",2015
Gates Of The Arctic NP&PRES,"10,745","$16,576.90 ",217,"$7,877.40 ","$14,464.70 ","$23,600.40 ",2015
Gateway NRA,"6,392,565","$155,321.40 ","1,840","$78,110.50 ","$118,385.20 ","$181,847.00 ",2015
Gauley River NRA,"105,374","$4,459.20 ",66,"$1,782.10 ","$2,808.10 ","$4,933.20 ",2015
General Grant NMEM,"95,526","$5,470.00 ",71,"$3,224.50 ","$5,007.50 ","$7,552.70 ",2015
George Rogers Clark NHP,"135,855","$7,779.20 ",131,"$3,034.80 ","$5,147.90 ","$9,498.60 ",2015
George Washington MEM PKWY,"7,286,463","$46,413.80 ",847,"$27,358.70 ","$40,478.10 ","$66,515.20 ",2015
George Washington Birthplace NM*,"130,953","$5,844.60 ",79,"$3,033.20 ","$4,739.40 ","$7,478.20 ",2015
George Washington Carver NM*,"37,745",$678.60 ,10,$270.90 ,$428.30 ,$768.60 ,2015
Gettysburg NMP,"1,080,185","$67,987.90 ",931,"$35,914.30 ","$56,941.50 ","$90,882.90 ",2015
Gila Cliff Dwellings NM,"36,518","$2,091.10 ",32,$644.70 ,"$1,142.90 ","$2,122.00 ",2015
Glacier NP,"2,366,057","$198,966.00 ","3,474","$93,528.80 ","$143,420.80 ","$268,619.60 ",2015
Glacier Bay NP&PRES,"551,353","$112,754.20 ","2,060","$61,472.60 ","$94,882.20 ","$161,779.70 ",2015
Glen Canyon NRA,"2,495,092","$167,040.70 ","2,375","$62,472.90 ","$110,522.40 ","$190,728.50 ",2015
Golden Gate NRA,"14,888,537","$365,228.90 ","4,516","$178,996.80 ","$263,628.60 ","$423,724.40 ",2015
Golden Spike NHS*,"59,147","$3,313.50 ",55,"$1,623.80 ","$2,553.20 ","$4,570.30 ",2015
Governors Island NM,"438,613","$25,115.50 ",323,"$14,854.60 ","$22,988.00 ","$34,619.20 ",2015
Grand Canyon NP*,"5,520,736","$584,890.90 ","8,897","$301,914.60 ","$502,940.40 ","$813,705.80 ",2015
Grand Portage NM,"91,751","$5,787.00 ",83,"$1,681.10 ","$3,082.90 ","$5,706.80 ",2015
Grand Teton NP*,"3,149,920","$560,394.40 ","8,862","$258,250.20 ","$412,894.30 ","$728,987.80 ",2015
Grant-Kohrs Ranch NHS,"22,139","$1,267.70 ",22,$611.30 ,$898.20 ,"$1,685.90 ",2015
Great Basin NP,"116,124","$6,461.20 ",94,"$2,098.10 ","$3,741.40 ","$6,786.00 ",2015
Great Sand Dunes NP&PRES,"299,513","$17,752.70 ",263,"$6,878.30 ","$12,308.20 ","$21,546.40 ",2015
Great Smoky Mountains NP,"10,712,673","$873,886.50 ","13,709","$396,249.70 ","$692,101.00 ","$1,181,331.90 ",2015
Greenbelt P,"135,260","$8,238.90 ",111,"$4,350.40 ","$6,930.60 ","$10,954.60 ",2015
Guadalupe Mountains NP,"169,535","$10,305.20 ",157,"$3,880.80 ","$6,781.00 ","$12,360.10 ",2015
Guilford Courthouse NMP,"222,602","$12,746.50 ",218,"$6,308.60 ","$9,744.40 ","$17,190.80 ",2015
Gulf Islands NS,"3,976,884","$168,768.00 ","2,467","$73,484.10 ","$119,104.30 ","$204,807.80 ",2015
Hagerman Fossil Beds NM,"24,695","$1,414.10 ",23,$674.80 ,"$1,047.10 ","$1,883.60 ",2015
Haleakala NP,"1,216,772","$76,462.50 ",905,"$35,009.50 ","$59,315.90 ","$91,758.70 ",2015
Hamilton Grange NMEM,"35,446","$2,029.80 ",26,"$1,194.70 ","$1,854.60 ","$2,791.50 ",2015
Hampton NHS,"34,685","$1,986.10 ",28,"$1,093.90 ","$1,728.10 ","$2,750.10 ",2015
Harpers Ferry NHP*,"282,893","$13,673.50 ",212,"$7,980.40 ","$12,452.10 ","$19,876.00 ",2015
Harry S Truman NHS,"32,825","$1,879.60 ",32,$997.90 ,"$1,584.00 ","$2,780.70 ",2015
Hawaii Volcanoes NP,"1,832,660","$151,246.20 ","1,834","$70,723.60 ","$122,863.00 ","$189,391.10 ",2015
Herbert Hoover NHS,"127,155","$7,281.10 ",122,"$3,016.90 ","$5,248.30 ","$9,295.00 ",2015
Home Of Franklin D Roosevelt NHS,"180,405","$10,330.20 ",142,"$5,538.00 ","$8,907.90 ","$13,809.40 ",2015
Homestead NM*,"78,739","$2,535.30 ",40,$891.60 ,"$1,491.20 ","$2,759.90 ",2015
Hopewell Culture NHP,"43,587","$2,495.90 ",44,"$1,294.50 ","$2,004.50 ","$3,541.00 ",2015
Hopewell Furnace NHS,"51,252","$2,934.70 ",48,"$1,662.50 ","$2,600.10 ","$4,294.20 ",2015
Horseshoe Bend NMP,"89,283","$5,112.50 ",86,"$2,337.90 ","$3,755.50 ","$6,803.40 ",2015
Hot Springs NP,"1,418,163","$88,953.70 ","1,433","$37,014.60 ","$62,800.40 ","$113,410.80 ",2015
Hovenweep NM,"35,116","$2,164.90 ",31,$830.90 ,"$1,458.70 ","$2,508.90 ",2015
Hubbell Trading Post NHS,"66,324","$3,797.80 ",59,"$1,365.10 ","$2,357.50 ","$4,283.40 ",2015
Independence NHP,"4,311,583","$246,886.70 ","3,853","$144,980.40 ","$225,187.10 ","$365,285.20 ",2015
Indiana Dunes NL,"1,640,195","$69,879.40 ",976,"$37,303.10 ","$58,793.10 ","$95,166.00 ",2015
Isle Royale NP,"18,684","$4,084.50 ",66,"$1,449.60 ","$2,556.50 ","$4,733.60 ",2015
James A Garfield NHS*,"24,507",$859.10 ,15,$447.30 ,$701.20 ,"$1,250.30 ",2015
Jean Lafitte NP&PRES,"405,618","$23,226.30 ",361,"$10,960.20 ","$17,613.10 ","$30,274.10 ",2015
Jefferson NEM*,"1,698,656","$165,967.80 ","3,026","$92,108.60 ","$145,435.40 ","$258,440.40 ",2015
Jewel Cave NM,"116,445","$6,667.80 ",113,"$2,716.80 ","$4,428.20 ","$8,478.40 ",2015
Jimmy Carter NHS,"67,798","$3,882.10 ",66,"$1,485.20 ","$2,530.00 ","$4,724.50 ",2015
John D Rockefeller Jr MEM PKWY,"1,430,337","$49,351.30 ",830,"$26,932.70 ","$43,908.90 ","$78,294.20 ",2015
John Day Fossil Beds NM*,"196,276","$9,146.90 ",141,"$3,831.10 ","$5,974.80 ","$10,759.10 ",2015
John F Kennedy NHS,"18,485","$1,058.40 ",15,$593.40 ,$935.40 ,"$1,498.90 ",2015
John Muir NHS,"42,615","$2,440.20 ",34,"$1,410.90 ","$2,100.00 ","$3,371.60 ",2015
Johnstown Flood NMEM*,"163,431","$9,885.40 ",176,"$5,148.10 ","$8,040.20 ","$14,066.00 ",2015
Joshua Tree NP*,"2,025,755","$96,741.30 ","1,341","$49,858.50 ","$78,826.50 ","$128,226.70 ",2015
Kalaupapa NHP,"67,891","$3,887.50 ",50,"$1,838.90 ","$3,045.70 ","$4,748.20 ",2015
Kaloko-Honokohau NHP,"170,683","$9,773.60 ",123,"$4,623.10 ","$7,657.20 ","$11,937.40 ",2015
Katmai NP&PRES,"37,818","$58,343.10 ",765,"$27,725.00 ","$50,909.20 ","$83,062.70 ",2015
Kenai Fjords NP,"296,697","$59,320.60 ","1,092","$32,447.50 ","$49,840.00 ","$85,107.80 ",2015
Kennesaw Mountain NBP,"2,174,870","$124,535.80 ","2,089","$70,678.40 ","$109,394.80 ","$186,916.50 ",2015
Kings Canyon NP,"468,105","$40,667.50 ",616,"$17,535.30 ","$29,703.90 ","$51,267.00 ",2015
Kings Mountain NMP*,"257,078","$10,070.60 ",162,"$4,910.90 ","$7,787.20 ","$13,413.00 ",2015
Klondike Gold Rush AK NHP,"919,661","$184,107.10 ","3,390","$100,685.20 ","$154,696.90 ","$264,141.30 ",2015
Klondike Gold Rush WA NHP,"60,372","$3,456.90 ",48,"$1,657.20 ","$2,864.20 ","$4,636.40 ",2015
Knife River Indian Villages NHS,"11,377",$651.50 ,10,$285.00 ,$455.70 ,$826.90 ,2015
Kobuk Valley NP,0,$0.00 ,0,$0.00 ,$0.00 ,$0.00 ,2015
Korean War Veterans MEM,"4,077,835","$75,728.10 ","1,088","$42,774.00 ","$67,558.40 ","$107,055.30 ",2015
Lake Chelan NRA,"32,185","$2,055.70 ",27,$992.20 ,"$1,699.60 ","$2,708.30 ",2015
Lake Clark NP&PRES,"17,818","$27,488.60 ",361,"$13,062.70 ","$23,986.10 ","$39,135.30 ",2015
Lake Mead NRA,"7,298,466","$311,206.40 ","4,178","$140,587.40 ","$224,911.40 ","$365,354.20 ",2015
Lake Meredith NRA,"831,374","$35,314.50 ",521,"$12,984.30 ","$22,601.40 ","$40,692.70 ",2015
Lake Roosevelt NRA,"1,170,842","$49,983.10 ",697,"$19,334.60 ","$34,938.10 ","$59,124.80 ",2015
Lassen Volcanic NP,"468,092","$27,361.50 ",403,"$10,117.40 ","$17,837.90 ","$31,159.40 ",2015
Lava Beds NM*,"108,687","$4,510.00 ",62,"$1,642.40 ","$2,730.60 ","$4,870.50 ",2015
Lewis and Clark NHP,"270,411","$15,484.10 ",246,"$8,113.80 ","$12,685.50 ","$21,555.90 ",2015
Lincoln MEM,"7,941,771","$147,484.00 ","2,120","$83,304.40 ","$131,573.10 ","$208,495.20 ",2015
Lincoln Boyhood NMEM*,"111,711","$5,218.30 ",90,"$2,473.60 ","$3,991.60 ","$7,155.30 ",2015
Lincoln Home NHS*,"233,298","$13,869.40 ",224,"$5,478.00 ","$10,110.50 ","$17,548.50 ",2015
Little Bighorn Battlefield NM,"317,783","$18,196.70 ",310,"$8,096.70 ","$12,560.80 ","$23,594.20 ",2015
Little River Canyon NPRES,"248,136","$14,208.60 ",237,"$6,308.70 ","$10,475.60 ","$18,609.20 ",2015
Little Rock Central High School NHS,"125,955","$7,212.30 ",125,"$3,160.70 ","$5,249.50 ","$9,497.60 ",2015
Longfellow NHS,"50,784","$2,908.00 ",44,"$1,632.80 ","$2,573.20 ","$4,112.30 ",2015
Lowell NHP,"531,055","$30,408.90 ",453,"$17,022.40 ","$26,847.60 ","$42,983.20 ",2015
Lyndon B Johnson NHP,"124,980","$7,156.50 ",114,"$3,608.40 ","$5,899.40 ","$10,090.00 ",2015
Lyndon Baines Johnson Memorial Grove on the Potomac NMEM,"232,883","$13,335.20 ",188,"$7,281.80 ","$11,429.20 ","$18,143.50 ",2015
Maggie L Walker NHS,"7,589",$434.50 ,8,$203.10 ,$336.70 ,$587.00 ,2015
Mammoth Cave NP,"566,895","$48,102.80 ",749,"$23,429.10 ","$38,796.00 ","$66,026.30 ",2015
Manassas NBP,"502,045","$28,747.70 ",405,"$15,703.10 ","$24,573.20 ","$38,948.90 ",2015
Manzanar NHS*,"95,327","$9,731.50 ",142,"$4,073.40 ","$6,755.50 ","$11,464.00 ",2015
Marsh - Billings - Rockefeller NHP,"35,002","$2,004.30 ",29,$915.70 ,"$1,576.90 ","$2,600.20 ",2015
Martin Luther King Jr NHS,"673,728","$38,578.50 ",649,"$22,077.60 ","$34,150.40 ","$58,247.10 ",2015
"Martin Luther King, Jr. MEM","3,530,401","$65,561.90 ",941,"$37,031.80 ","$58,488.90 ","$92,683.60 ",2015
Martin Van Buren NHS,"18,548","$1,062.10 ",12,$503.80 ,$864.90 ,"$1,372.60 ",2015
Mary McLeod Bethune Council House NHS,"8,249",$153.20 ,3,$86.50 ,$136.70 ,$216.60 ,2015
Mesa Verde NP*,"547,325","$55,447.00 ",814,"$21,666.00 ","$38,670.00 ","$66,816.10 ",2015
Minute Man NHP,"964,331","$55,218.80 ",821,"$30,937.80 ","$48,856.20 ","$78,188.70 ",2015
Minuteman Missile NHS*,"100,488","$7,322.50 ",121,"$2,828.80 ","$4,650.80 ","$9,099.10 ",2015
Mississippi NRRA,"127,636","$5,374.00 ",84,"$2,638.80 ","$4,235.40 ","$7,394.50 ",2015
Missouri NRR,"145,004","$6,105.30 ",97,"$2,291.40 ","$3,830.90 ","$7,089.90 ",2015
Mojave NPRES,"589,156","$33,720.40 ",486,"$16,604.20 ","$26,344.00 ","$42,746.20 ",2015
Monocacy NB*,"64,596","$5,278.60 ",76,"$2,962.70 ","$4,667.70 ","$7,395.10 ",2015
Montezuma Castle NM,"416,636","$23,857.10 ",358,"$12,715.10 ","$20,363.00 ","$33,338.20 ",2015
Moores Creek NB,"89,944","$5,664.40 ",87,"$2,181.80 ","$3,826.60 ","$6,766.90 ",2015
Morristown NHP,"218,960","$12,538.00 ",166,"$7,464.10 ","$11,505.20 ","$17,557.60 ",2015
Mount Rainier NP*,"1,237,232","$45,741.30 ",596,"$21,018.20 ","$36,426.80 ","$58,341.20 ",2015
Mount Rushmore NMEM,"2,434,298","$139,390.90 ","2,384","$57,910.00 ","$93,788.50 ","$180,104.60 ",2015
Muir Woods NM,"1,099,923","$62,983.00 ",873,"$36,309.40 ","$53,883.20 ","$86,113.40 ",2015
Natchez NHP,"204,332","$11,700.30 ",183,"$5,051.10 ","$8,157.30 ","$14,407.10 ",2015
Natchez Trace PKWY,"5,785,813","$137,217.20 ","1,849","$48,100.20 ","$77,217.00 ","$135,828.30 ",2015
National Capital Parks Central,"1,833,085","$34,041.60 ",491,"$19,211.70 ","$30,363.90 ","$48,171.00 ",2015
National Capital Parks East,"1,220,404","$22,663.70 ",332,"$12,696.10 ","$20,430.40 ","$32,444.50 ",2015
National Park of American Samoa,"13,893",$795.50 ,9,$376.30 ,$623.30 ,$971.60 ,2015
Natural Bridges NM,"94,798","$5,821.10 ",80,"$2,144.90 ","$3,752.00 ","$6,447.50 ",2015
Navajo NM,"71,370","$4,431.10 ",60,"$1,628.60 ","$2,843.10 ","$4,879.80 ",2015
New Bedford Whaling NHP*,"167,790","$8,814.90 ",139,"$5,267.30 ","$8,200.00 ","$13,023.90 ",2015
New Orleans Jazz NHP,"58,187","$3,331.90 ",52,"$1,619.50 ","$2,577.10 ","$4,404.50 ",2015
New River Gorge NR,"1,178,752","$50,260.60 ",757,"$20,159.40 ","$32,409.40 ","$57,420.50 ",2015
Nez Perce NHP,"224,968","$12,881.90 ",198,"$5,088.10 ","$9,127.10 ","$15,817.70 ",2015
Nicodemus NHS*,"3,305",$180.40 ,2,$50.90 ,$92.90 ,$174.10 ,2015
Ninety Six NHS,"80,223","$4,593.70 ",73,"$1,931.90 ","$3,361.10 ","$5,854.20 ",2015
Niobrara NSR,"68,112","$2,867.80 ",43,$771.50 ,"$1,362.90 ","$2,714.20 ",2015
Noatak NPRES,0,$0.00 ,0,$0.00 ,$0.00 ,$0.00 ,2015
North Cascades NP,"20,677",$800.50 ,8,$327.70 ,$546.90 ,$868.80 ,2015
Obed W&SR*,"214,441","$3,717.40 ",46,"$1,279.10 ","$2,053.00 ","$3,505.80 ",2015
Ocmulgee NM,"155,387","$8,897.70 ",151,"$3,411.80 ","$5,906.40 ","$10,862.60 ",2015
Olympic NP,"3,263,761","$270,618.60 ","3,654","$131,171.60 ","$232,596.40 ","$375,500.80 ",2015
Oregon Caves NM,"72,709","$4,539.90 ",75,"$1,901.60 ","$3,121.80 ","$5,686.00 ",2015
Organ Pipe Cactus NM,"222,722","$13,550.10 ",194,"$6,993.30 ","$11,412.50 ","$18,800.70 ",2015
Ozark NSR,"1,277,941","$53,886.20 ",835,"$19,018.10 ","$31,494.00 ","$58,400.00 ",2015
Padre Island NS,"582,839","$24,573.40 ",368,"$8,875.90 ","$15,614.00 ","$28,115.70 ",2015
Palo Alto Battlefield NHP,"47,867","$2,741.00 ",47,"$1,011.40 ","$1,840.30 ","$3,378.40 ",2015
Pea Ridge NMP,"114,578","$6,561.00 ",113,"$2,958.90 ","$4,785.70 ","$8,617.00 ",2015
Pecos NHP,"30,230","$1,731.00 ",28,$782.40 ,"$1,241.20 ","$2,225.30 ",2015
Pennsylvania Avenue NHS,0,$0.00 ,0,$0.00 ,$0.00 ,$0.00 ,2015
Perry's Victory & International Peace MEM*,"156,578","$13,744.10 ",262,"$7,948.10 ","$12,478.50 ","$21,616.00 ",2015
Petersburg NB,"192,655","$11,031.70 ",183,"$5,121.20 ","$8,445.00 ","$14,877.70 ",2015
Petrified Forest NP,"793,226","$50,032.40 ",691,"$18,013.50 ","$31,798.70 ","$55,193.40 ",2015
Petroglyph NM,"117,825","$6,746.80 ",111,"$3,001.80 ","$4,782.40 ","$8,656.30 ",2015
Pictured Rocks NL,"723,179","$30,643.60 ",436,"$9,756.60 ","$17,445.60 ","$31,189.30 ",2015
Pinnacles NP,"206,532","$11,826.30 ",162,"$5,907.00 ","$8,987.90 ","$14,480.20 ",2015
Pipe Spring NM,"54,619","$3,127.60 ",49,"$1,178.70 ","$2,071.70 ","$3,657.20 ",2015
Pipestone NM,"70,748","$4,051.10 ",68,"$1,684.40 ","$2,778.30 ","$5,156.80 ",2015
Piscataway P,"148,730","$8,516.40 ",120,"$4,651.40 ","$7,281.30 ","$11,500.50 ",2015
Point Reyes NS,"2,501,106","$107,703.10 ","1,378","$57,596.20 ","$85,253.40 ","$135,501.40 ",2015
Port Chicago Naval Magazine NMEM,963,$55.20 ,0,$31.90 ,$47.70 ,$76.70 ,2015
President William Jefferson Clinton Birthplace Home NHS,"10,463",$599.20 ,9,$239.00 ,$406.50 ,$722.90 ,2015
President's Park,"903,161","$16,772.30 ",242,"$9,473.60 ","$14,962.90 ","$23,710.70 ",2015
Prince William Forest P,"312,108","$17,753.30 ",233,"$9,243.10 ","$14,637.10 ","$23,149.10 ",2015
Pu`uhonua O Honaunau NHP,"437,286","$25,039.60 ",315,"$11,844.20 ","$19,617.70 ","$30,583.40 ",2015
Puukohola Heiau NHS,"139,586","$7,992.90 ",103,"$3,780.80 ","$6,262.20 ","$9,762.60 ",2015
Rainbow Bridge NM,"77,270","$4,424.60 ",65,"$1,642.20 ","$2,858.70 ","$4,935.50 ",2015
Redwood NP,"527,143","$33,012.80 ",530,"$13,730.90 ","$22,682.20 ","$41,085.00 ",2015
Richmond NBP,"184,176","$10,546.20 ",173,"$4,880.80 ","$8,099.00 ","$14,202.10 ",2015
Rio Grande W&SR,191,$196.90 ,4,$80.00 ,$142.40 ,$263.80 ,2015
River Raisin NB,"109,118","$6,248.30 ",100,"$3,096.80 ","$5,032.30 ","$8,635.00 ",2015
Rock Creek P,"2,443,771","$45,382.50 ",656,"$25,635.10 ","$40,534.30 ","$64,341.60 ",2015
Rocky Mountain NP*,"4,155,917","$268,391.40 ","4,144","$152,167.60 ","$246,198.30 ","$408,311.00 ",2015
Roger Williams NMEM,"60,505","$3,464.50 ",51,"$1,904.90 ","$3,028.10 ","$4,797.40 ",2015
Rosie the Riveter WWII Home Front NHP,"56,363","$3,227.50 ",45,"$1,866.20 ","$2,776.40 ","$4,456.00 ",2015
Ross Lake NRA,"772,579","$33,496.90 ",413,"$15,161.10 ","$25,432.80 ","$40,520.50 ",2015
Russell Cave NM,"19,431","$1,112.70 ",17,$453.90 ,$772.70 ,"$1,380.90 ",2015
Sagamore Hill NHS,"42,326","$2,423.70 ",30,"$1,422.10 ","$2,204.60 ","$3,300.30 ",2015
Saguaro NP,"753,446","$47,493.00 ",691,"$24,664.80 ","$40,354.40 ","$66,549.80 ",2015
Saint Croix NSR,"623,122","$26,103.00 ",411,"$12,734.40 ","$20,400.90 ","$35,642.70 ",2015
Saint Croix Island IHS,"12,556",$718.90 ,11,$298.70 ,$482.20 ,$876.40 ,2015
Saint Paul's Church NHS,"17,180",$983.80 ,11,$578.90 ,$897.90 ,"$1,345.40 ",2015
Saint-Gaudens NHS*,"39,243","$1,914.30 ",31,"$1,053.90 ","$1,752.60 ","$2,861.20 ",2015
Salem Maritime NHS,"264,780","$15,161.60 ",224,"$8,592.30 ","$13,447.20 ","$21,395.20 ",2015
Salinas Pueblo Missions NM,"29,672","$1,699.00 ",28,$764.50 ,"$1,215.80 ","$2,182.70 ",2015
Salt River Bay EHP,"8,107",$464.20 ,6,$219.60 ,$363.70 ,$567.00 ,2015
San Antonio Missions NHP,"1,322,155","$75,708.30 ","1,217","$36,803.40 ","$60,873.70 ","$105,145.70 ",2015
San Francisco Maritime NHP,"4,173,014","$101,389.30 ","1,248","$49,580.00 ","$72,890.00 ","$117,012.80 ",2015
San Juan NHS,"1,532,818","$87,771.10 ","1,107","$41,517.50 ","$68,765.60 ","$107,203.70 ",2015
San Juan Island NHP,"258,668","$14,811.70 ",198,"$7,080.60 ","$12,002.90 ","$19,222.10 ",2015
Sand Creek Massacre NHS,"5,887",$337.10 ,6,$91.30 ,$177.20 ,$334.70 ,2015
Santa Monica Mountains NRA,"797,127","$34,007.40 ",486,"$18,260.00 ","$28,215.40 ","$46,673.70 ",2015
Saratoga NHP,"65,011","$3,722.70 ",56,"$1,577.50 ","$2,864.80 ","$4,724.20 ",2015
Saugus Iron Works NHS,"9,328",$534.20 ,7,$302.10 ,$474.00 ,$754.40 ,2015
Scotts Bluff NM,"131,123","$7,508.30 ",113,"$2,962.50 ","$5,072.80 ","$8,729.40 ",2015
Sequoia NP*,"1,097,464","$82,611.70 ","1,172","$33,549.50 ","$57,563.00 ","$98,961.80 ",2015
Shenandoah NP,"1,321,873","$87,870.20 ","1,179","$45,851.30 ","$72,593.90 ","$115,205.80 ",2015
Shiloh NMP,"356,536","$20,415.70 ",330,"$7,592.50 ","$13,014.20 ","$23,731.00 ",2015
Sitka NHP,"185,151","$40,343.80 ",722,"$21,800.30 ","$34,092.00 ","$57,895.00 ",2015
Sleeping Bear Dunes NL*,"1,535,633","$163,431.10 ","2,586","$63,893.80 ","$116,979.30 ","$205,824.90 ",2015
Springfield Armory NHS,"21,825","$1,249.70 ",18,$663.80 ,"$1,071.10 ","$1,704.30 ",2015
Statue Of Liberty NM,"4,279,020","$245,022.00 ","3,145","$144,798.10 ","$224,258.30 ","$337,821.60 ",2015
Steamtown NHS*,"89,592","$4,754.80 ",77,"$2,464.00 ","$3,903.50 ","$6,521.80 ",2015
Stones River NB,"264,925","$15,169.90 ",242,"$7,403.80 ","$12,168.00 ","$20,575.50 ",2015
Sunset Crater Volcano NM,"182,202","$10,433.20 ",152,"$3,822.80 ","$6,788.80 ","$11,610.30 ",2015
Tallgrass Prairie NPRES,"29,558","$1,692.60 ",26,$725.50 ,"$1,198.20 ","$2,150.00 ",2015
Thaddeus Kosciuszko NMEM,"1,261",$72.20 ,0,$42.40 ,$65.80 ,$106.80 ,2015
Theodore Roosevelt NP,"580,033","$35,903.70 ",494,"$13,373.90 ","$21,405.80 ","$38,163.70 ",2015
Theodore Roosevelt Birthplace NHS,"6,685",$382.80 ,3,$225.60 ,$350.40 ,$528.50 ,2015
Theodore Roosevelt Inaugural NHS,"24,895","$1,425.60 ",20,$595.10 ,"$1,124.40 ","$1,827.40 ",2015
Theodore Roosevelt Island P,"159,739","$9,146.90 ",131,"$4,994.70 ","$7,839.50 ","$12,445.00 ",2015
Thomas Edison NHP,"56,317","$3,224.70 ",42,"$1,908.90 ","$2,940.20 ","$4,450.60 ",2015
Thomas Jefferson NMEM,"3,102,441","$57,614.40 ",828,"$32,542.70 ","$51,398.80 ","$81,448.30 ",2015
Thomas Stone NHS,"5,772",$330.50 ,3,$181.20 ,$282.80 ,$445.70 ,2015
Timpanogos Cave NM,"104,023","$5,956.50 ",101,"$3,155.70 ","$4,944.30 ","$8,829.80 ",2015
Timucuan EHP,"1,239,423","$70,970.90 ","1,153","$34,104.90 ","$56,656.80 ","$97,169.20 ",2015
Tonto NM,"37,523","$2,148.60 ",33,"$1,148.00 ","$1,848.70 ","$3,038.60 ",2015
Tumac√°cori NHP,"42,146","$2,413.40 ",36,$970.30 ,"$1,697.30 ","$2,905.70 ",2015
Tuskegee Airmen NHS,"22,663","$1,297.80 ",21,$516.40 ,$853.30 ,"$1,588.00 ",2015
Tuskegee Institute NHS,"7,961",$455.80 ,8,$181.40 ,$299.70 ,$557.70 ,2015
Tuzigoot NM,"95,064","$5,443.50 ",81,"$2,912.50 ","$4,656.50 ","$7,615.50 ",2015
Ulysses S Grant NHS,"39,048","$2,235.90 ",38,"$1,185.50 ","$1,861.80 ","$3,279.90 ",2015
Upper Delaware NSR&NRR,"243,246","$10,241.60 ",117,"$5,331.20 ","$8,080.90 ","$12,127.10 ",2015
Valley Forge NHP,"2,143,965","$26,550.60 ",471,"$15,928.90 ","$24,418.00 ","$40,138.00 ",2015
Vanderbilt Mansion NHS,"431,961","$24,734.60 ",338,"$13,250.20 ","$21,304.30 ","$33,013.50 ",2015
Vicksburg NMP,"532,445","$30,488.50 ",504,"$14,098.70 ","$22,331.50 ","$39,985.80 ",2015
Vietnam Veterans MEM,"5,597,077","$103,941.50 ","1,494","$58,710.00 ","$92,728.00 ","$146,940.00 ",2015
Virgin Islands NP*,"438,371","$62,133.50 ",819,"$30,720.30 ","$54,179.00 ","$83,458.20 ",2015
Voyageurs NP,"238,313","$18,992.10 ",301,"$7,310.30 ","$13,001.70 ","$23,501.10 ",2015
Waco Mammoth NM,"20,551","$1,176.80 ",17,$457.00 ,$795.40 ,"$1,422.90 ",2015
Walnut Canyon NM,"153,323","$8,779.50 ",129,"$3,216.80 ","$5,712.70 ","$9,770.10 ",2015
War In The Pacific NHP,"322,463","$18,464.70 ",232,"$8,734.20 ","$14,466.40 ","$22,552.80 ",2015
Washington Monument,"493,550","$9,165.60 ",131,"$5,177.00 ","$8,176.80 ","$12,957.20 ",2015
Washita Battlefield NHS,"12,068",$691.00 ,10,$243.40 ,$412.20 ,$763.10 ,2015
Weir Farm NHS,"47,220","$2,703.90 ",34,"$1,573.00 ","$2,448.20 ","$3,676.00 ",2015
Whiskeytown NRA,"843,846","$35,732.30 ",519,"$13,224.00 ","$22,761.30 ","$39,492.70 ",2015
White House,"526,263","$9,773.10 ",141,"$5,520.20 ","$8,718.70 ","$13,816.00 ",2015
White Sands NM*,"497,506","$25,729.30 ",387,"$9,288.80 ","$15,953.90 ","$29,352.10 ",2015
Whitman Mission NHS,"39,525","$2,263.20 ",33,$831.30 ,"$1,508.80 ","$2,557.90 ",2015
William Howard Taft NHS,"24,385","$1,396.30 ",22,$719.60 ,"$1,123.50 ","$1,982.80 ",2015
Wilson's Creek NB,"161,005","$9,219.30 ",157,"$4,142.60 ","$6,698.30 ","$12,075.80 ",2015
Wind Cave NP*,"612,199","$60,578.60 ","1,044","$25,322.60 ","$41,775.30 ","$80,365.10 ",2015
Wolf Trap National Park for the Performing Arts,"407,351","$23,325.50 ",332,"$12,747.10 ","$20,025.20 ","$31,860.80 ",2015
Women's Rights NHP*,"38,140","$2,712.40 ",37,"$1,152.40 ","$2,196.90 ","$3,503.60 ",2015
World War II Memorial,"5,068,224","$94,120.30 ","1,352","$53,162.60 ","$83,966.40 ","$133,056.00 ",2015
World War II Valor in the Pacific NM,"1,574,155","$90,138.10 ","1,136","$42,637.10 ","$70,620.00 ","$110,094.70 ",2015
Wrangell - St Elias NP&PRES,"80,366","$123,983.80 ","1,622","$58,917.70 ","$108,186.10 ","$176,514.80 ",2015
Wright Brothers NMEM,"437,184","$25,033.70 ",405,"$11,017.20 ","$18,033.90 ","$31,846.00 ",2015
Wupatki NM,"212,828","$13,426.00 ",186,"$4,951.30 ","$8,776.80 ","$14,895.50 ",2015
Yellowstone NP*,"4,097,709","$493,620.90 ","7,737","$224,826.50 ","$361,876.30 ","$638,574.70 ",2015
Yosemite NP*,"4,150,218","$449,080.80 ","6,887","$207,730.70 ","$348,826.20 ","$593,693.70 ",2015
Yukon - Charley Rivers NPRES,"1,133","$1,045.50 ",8,$415.70 ,$983.00 ,"$1,468.10 ",2015
Zion NP*,"3,648,846","$202,198.40 ","2,823","$104,418.60 ","$172,318.20 ","$274,562.80 ",2015
